id,class
10001,9
10002,2
10004,9
10008,18
10009,13
10010,13
10011,3
10015,4
10023,5
10027,12
10032,16
10034,5
10035,15
10040,5
10041,17
10043,15
10044,19
10045,9
10048,2
10051,18
10057,12
10060,18
10061,12
10063,2
10068,16
10069,18
10073,14
10080,10
10083,16
10084,19
10089,11
10093,6
10095,10
10097,5
10099,4
10102,9
10104,6
10105,11
10107,19
10115,1
10116,5
10118,10
10123,19
10126,13
10127,1
10129,3
10130,18
10131,18
10134,2
10136,11
10137,19
10139,17
10141,7
10147,15
10148,5
10149,12
10151,16
10152,16
10156,8
10157,17
10158,15
10160,6
10162,17
10167,13
10171,9
10175,3
10177,20
10180,8
10182,4
10184,2
10190,14
10194,11
10195,16
10197,5
10198,12
10202,8
10203,5
10204,11
10209,18
10210,9
10223,17
10226,5
10232,17
10235,8
10236,11
10237,12
10241,17
10242,12
10244,5
10246,17
10247,17
10248,16
10250,11
10251,9
10256,11
10259,1
10260,10
10261,9
10263,13
10264,11
10265,5
10267,16
10269,17
10273,20
10276,13
10285,19
10287,5
10291,17
10296,16
10300,3
10301,12
10304,5
10305,2
10309,5
10310,5
10320,11
10322,12
10323,3
10324,11
10325,4
10329,9
10336,8
10337,20
10338,6
10341,9
10351,3
10352,16
10354,18
10357,17
10358,19
10359,11
10361,7
10364,12
10366,11
10369,2
10370,15
10374,2
10375,5
10377,11
10381,18
10382,8
10384,10
10389,10
10390,3
10392,9
10394,12
10402,2
10404,10
10406,19
10409,4
10410,15
10412,18
10414,16
10417,10
10418,14
10420,14
10423,15
10426,9
10427,2
10434,5
10435,16
10441,20
10452,12
10453,3
10461,3
10462,1
10466,3
10467,15
10468,7
10472,20
10476,17
10480,18
10484,12
10485,2
10488,12
10489,5
10493,4
10494,15
10497,20
10498,8
10500,1
10507,3
10511,9
10519,4
10521,8
10524,15
10526,1
10530,17
10535,2
10536,17
10538,15
10539,2
10552,8
10554,14
10556,18
10558,11
10560,13
10564,9
10566,18
10569,7
10570,17
10571,3
10575,5
10577,10
10583,20
10584,14
10585,4
10589,14
10592,18
10594,17
10595,19
10596,18
10601,5
10606,17
10607,18
10613,20
10615,18
10618,5
10621,9
10626,16
10628,2
10629,10
10633,5
10634,3
10638,5
10642,18
10643,17
10644,5
10646,17
10647,15
10653,12
10655,9
10656,20
10657,9
10666,6
10668,6
10669,11
10670,13
10671,7
10676,6
10679,13
10682,11
10684,12
10685,11
10686,13
10687,7
10688,11
10691,9
10693,7
10700,1
10704,19
10705,3
10707,5
10711,17
10716,10
10717,4
10718,7
10719,5
10725,12
10729,17
10730,18
10732,12
10736,17
10737,18
10738,13
10739,8
10744,14
10749,9
10750,11
10751,13
10753,5
10755,2
10756,20
10757,2
10759,1
10760,12
10761,13
10763,11
10767,8
10768,13
10770,6
10772,6
10774,10
10776,10
10777,2
10778,15
10779,20
10783,13
10784,18
10786,8
10795,15
10798,11
10803,10
10806,6
10807,2
10812,11
10814,20
10816,17
10819,20
10821,5
10825,20
10827,8
10832,13
10833,17
10837,10
10838,5
10839,13
10840,15
10842,12
10847,5
10852,11
10854,7
10856,10
10859,13
10861,12
10862,17
10863,2
10865,6
10866,18
10868,20
10870,13
10873,18
10874,12
10875,17
10881,13
10883,12
10885,10
10886,15
10887,13
10888,11
10890,11
10891,13
10892,2
10894,1
10896,10
10900,15
10905,20
10908,18
10910,18
10917,16
10920,10
10926,4
10938,2
10943,8
10946,2
10950,13
10952,4
10953,3
10957,16
10958,15
10959,10
10962,19
10965,7
10966,10
10967,10
10970,11
10972,6
10974,17
10979,2
10980,4
10986,15
10988,14
10989,13
10990,20
10996,18
10997,3
10999,2
11003,16
11006,6
11015,5
11016,1
11022,4
11023,6
11025,11
11030,5
11032,1
11037,18
11039,11
11048,11
11051,17
11052,2
11054,7
11055,6
11059,5
11061,11
11066,7
11069,4
11073,4
11075,3
11080,14
11085,17
11091,2
11096,5
11100,7
11101,10
11103,17
11104,13
11107,5
11108,8
11122,12
11124,10
11125,13
11126,5
11132,8
11134,10
11136,4
11141,11
11144,10
11145,13
11152,11
11154,11
11156,7
11159,18
11162,11
11165,2
11166,12
11170,5
11172,18
11175,7
11177,3
11179,11
11181,8
11187,20
11188,7
11189,3
11191,10
11197,7
11201,5
11203,18
11206,20
11207,18
11210,10
11214,10
11223,20
11225,2
11226,12
11228,7
11229,7
11233,5
11236,4
11237,17
11238,2
11240,10
11242,4
11246,8
11249,3
11251,3
11254,16
11263,16
11265,8
11269,18
11272,18
11274,2
11277,9
11281,14
11282,10
11284,10
11285,6
11286,19
11289,9
11291,15
11293,1
11294,6
11298,2
11302,20
11307,10
11311,15
11312,7
11315,14
11316,2
11317,5
11318,16
11322,12
11329,6
11330,1
11332,16
11333,4
11335,15
11337,15
11338,8
11342,1
11343,17
11352,10
11353,5
11354,17
11355,1
11357,11
11358,17
11359,1
11360,7
11361,10
11362,10
11365,13
11366,16
11367,5
11372,13
11374,4
11376,2
11381,8
11382,17
11388,6
11392,9
11393,8
11394,13
11397,18
11400,11
11401,18
11404,11
11411,3
11415,7
11416,6
11417,5
11418,12
11419,11
11424,17
11427,11
11430,5
11432,7
11435,8
11436,2
11439,8
11440,9
11442,4
11445,9
11447,6
11450,3
11452,3
11457,4
11458,10
11459,7
11462,8
11463,8
11464,1
11465,18
11470,9
11472,20
11474,10
11476,9
11482,20
11484,5
11491,9
11492,17
11494,8
11500,7
11504,4
11508,5
11512,19
11513,12
11517,18
11520,3
11522,3
11530,18
11533,9
11540,15
11543,11
11545,6
11546,2
11550,7
11551,9
11554,6
11556,6
11562,14
11566,9
11574,18
11575,5
11576,11
11578,4
11579,7
11591,13
11593,1
11594,5
11595,9
11597,11
11604,15
11606,5
11610,12
11612,19
11613,10
11614,13
11615,4
11617,14
11621,10
11624,7
11629,6
11634,8
11642,4
11643,19
11647,9
11650,15
11651,13
11657,2
11659,11
11667,5
11673,18
11675,17
11678,19
11680,3
11681,13
11683,18
11684,18
11685,9
11688,17
11691,6
11693,4
11694,6
11695,1
11697,13
11700,9
11704,19
11705,10
11712,12
11713,1
11716,8
11719,11
11723,17
11726,10
11732,11
11733,2
11737,18
11739,11
11748,10
11750,10
11756,13
11759,9
11764,6
11766,15
11767,16
11769,18
11775,17
11777,6
11778,9
11779,13
11783,18
11786,16
11787,7
11789,2
11792,15
11795,15
11796,6
11798,12
11820,15
11821,5
11823,2
11824,19
11834,5
11835,3
11839,1
11841,10
11842,18
11844,1
11846,20
11847,5
11849,17
11851,4
11852,3
11856,13
11857,17
11859,15
11860,2
11866,13
11867,18
11868,3
11872,7
11875,11
11883,5
11887,5
11888,11
11891,6
11895,5
11898,18
11903,2
11904,8
11912,10
11913,3
11916,13
11920,9
11921,3
11923,13
11924,9
11925,18
11926,10
11927,14
11935,10
11939,2
11941,4
11942,12
11944,11
11945,15
11946,18
11947,19
11948,4
11949,11
11950,7
11952,10
11953,15
11954,5
11961,17
11962,6
11963,4
11964,10
11965,18
11966,2
11971,11
11974,2
11982,9
11984,20
11985,1
11986,17
11987,12
11988,10
11990,15
11991,7
11992,15
11993,4
11996,7
11998,20
11999,11
12001,7
12002,5
12004,20
12008,18
12009,11
12011,12
12018,9
12020,13
12021,10
12024,2
12029,4
12030,6
12035,3
12038,13
12039,1
12049,4
12052,6
12053,2
12054,3
12058,4
12062,1
12064,19
12072,7
12074,3
12081,6
12082,16
12087,6
12089,13
12091,6
12093,16
12094,11
12095,8
12099,11
12100,10
12101,1
12102,3
12105,6
12106,12
12112,20
12114,12
12121,3
12124,14
12127,9
12129,9
12130,4
12132,20
12133,17
12149,17
12152,2
12156,14
12157,11
12158,11
12159,17
12160,6
12161,8
12166,5
12170,12
12171,5
12172,14
12175,16
12176,16
12179,4
12184,2
12188,5
12190,13
12196,11
12197,19
12198,18
12201,4
12203,12
12205,15
12206,2
12208,10
12209,3
12211,17
12215,4
12217,10
12218,4
12219,16
12224,16
12227,10
12231,10
12233,18
12234,4
12237,2
12240,8
12242,9
12243,7
12248,10
12251,9
12268,1
12280,3
12282,9
12286,7
12287,13
12289,3
12290,12
12294,7
12299,7
12301,10
12302,5
12306,16
12308,20
12311,12
12318,16
12323,6
12326,15
12329,16
12334,14
12336,15
12337,18
12339,9
12340,7
12342,4
12343,5
12344,11
12348,12
12359,17
12361,2
12362,4
12363,9
12365,11
12368,16
12374,19
12375,3
12377,11
12378,11
12380,16
12387,5
12388,3
12389,11
12390,5
12397,12
12398,5
12401,13
12404,7
12405,18
12408,4
12409,16
12410,14
12412,5
12413,13
12414,18
12416,10
12417,16
12420,5
12421,19
12428,17
12433,13
12440,11
12441,11
12444,18
12445,19
12447,10
12448,9
12450,12
12452,11
12454,8
12457,9
12461,15
12464,11
12465,20
12467,7
12469,17
12471,12
12472,5
12473,5
12475,2
12476,5
12479,2
12483,13
12487,9
12490,1
12493,1
12495,16
12496,20
12499,19
12504,13
12507,8
12510,3
12512,7
12513,7
12514,13
12520,9
12521,13
12526,3
12531,5
12532,10
12533,17
12537,7
12540,12
12543,13
12544,20
12549,5
12550,14
12553,13
12559,8
12560,20
12562,19
12565,14
12571,4
12573,5
12583,4
12585,15
12586,16
12594,17
12596,18
12598,20
12602,18
12606,12
12610,14
12615,13
12618,17
12621,18
12623,20
12624,1
12629,20
12631,3
12632,14
12640,12
12641,1
12642,7
12645,17
12646,15
12648,12
12650,1
12664,6
12665,2
12666,10
12669,11
12670,15
12671,4
12673,3
12675,10
12676,8
12677,19
12679,7
12680,13
12682,10
12686,12
12691,4
12696,11
12698,6
12703,7
12709,4
12710,16
12714,6
12717,12
12719,4
12720,4
12722,10
12725,8
12726,16
12729,3
12731,18
12733,17
12734,18
12736,20
12737,12
12738,17
12739,13
12743,8
12744,2
12746,1
12748,5
12749,11
12751,11
12752,13
12753,11
12754,16
12756,12
12762,20
12764,9
12765,5
12770,9
12771,5
12773,10
12779,13
12787,18
12788,13
12790,9
12791,8
12792,11
12795,8
12798,10
12800,5
12807,7
12809,12
12810,15
12812,1
12815,18
12816,12
12822,10
12823,16
12829,4
12830,15
12832,13
12833,11
12836,1
12837,10
12839,7
12843,10
12846,1
12847,10
12849,18
12853,4
12859,13
12861,19
12865,14
12866,13
12867,15
12869,16
12872,1
12873,8
12877,11
12878,2
12879,17
12882,11
12883,5
12885,1
12887,14
12888,4
12889,2
12890,20
12906,7
12907,5
12910,4
12914,3
12916,11
12917,6
12919,8
12920,19
12925,9
12929,9
12934,18
12938,18
12940,1
12941,2
12943,15
12944,20
12948,11
12950,11
12960,7
12962,20
12963,1
12964,11
12966,2
12967,9
12969,13
12970,5
12973,10
12975,2
12977,7
12981,12
12983,2
12984,10
12985,9
12994,1
13000,9
13001,5
13005,4
13006,15
13007,16
13008,19
13010,3
13011,16
13013,17
13014,13
13017,9
13022,17
13023,18
13032,12
13033,16
13034,2
13035,3
13036,18
13037,2
13045,15
13049,12
13050,6
13051,10
13058,3
13063,14
13065,5
13067,13
13068,17
13069,5
13072,5
13074,15
13075,3
13076,14
13079,12
13081,4
13090,1
13092,2
13096,6
13097,13
13099,7
13106,5
13108,9
13116,7
13117,3
13119,2
13123,13
13129,11
13136,9
13137,8
13138,6
13139,4
13143,13
13145,11
13146,10
13147,1
13149,19
13153,2
13154,16
13157,15
13160,5
13163,9
13168,17
13169,2
13171,11
13172,14
13176,17
13186,20
13190,18
13194,14
13196,2
13198,4
13200,5
13205,3
13209,7
13215,10
13217,15
13220,2
13223,5
13225,18
13226,12
13227,10
13228,6
13233,12
13235,2
13236,2
13237,5
13238,7
13243,13
13244,17
13251,5
13253,11
13257,4
13258,15
13259,20
13263,15
13266,8
13272,4
13275,4
13278,9
13281,5
13284,10
13288,11
13292,3
13295,14
13296,1
13300,17
13306,18
13307,12
13314,7
13315,12
13318,14
13319,5
13323,20
13325,10
13327,10
13328,5
13331,7
13335,5
13337,10
13339,9
13340,16
13349,9
13352,7
13355,11
13361,18
13362,4
13366,11
13376,3
13381,17
13383,10
13384,18
13385,7
13388,7
13390,7
13392,17
13393,16
13394,13
13398,8
13401,2
13402,9
13404,5
13405,14
13408,5
13414,12
13415,16
13416,3
13417,17
13418,17
13432,8
13433,18
13434,7
13435,1
13440,8
13443,4
13445,2
13446,6
13448,11
13451,18
13453,12
13455,2
13456,13
13457,10
13459,20
13464,8
13468,13
13469,3
13472,16
13473,16
13479,7
13480,4
13484,5
13485,13
13486,3
13488,3
13490,12
13493,15
13494,5
13499,5
13500,20
13501,8
13506,5
13510,5
13511,8
13516,9
13518,3
13523,11
13526,16
13531,3
13534,12
13536,9
13538,19
13541,16
13543,5
13544,1
13545,3
13548,9
13549,12
13550,17
13551,17
13553,14
13560,3
13561,4
13562,2
13567,19
13569,13
13570,12
13572,5
13573,17
13578,3
13580,2
13584,1
13585,15
13586,12
13588,10
13591,20
13593,19
13594,2
13596,11
13597,19
13600,3
13602,7
13605,2
13612,2
13615,5
13616,16
13618,5
13620,8
13621,20
13630,17
13633,20
13638,3
13639,12
13640,14
13646,7
13651,18
13654,7
13655,17
13657,8
13659,13
13660,5
13667,10
13669,1
13670,16
13673,17
13675,5
13678,20
13681,5
13683,7
13685,8
13686,18
13690,5
13700,13
13704,18
13706,2
13708,8
13711,4
13717,2
13718,9
13720,4
13722,20
13724,3
13725,17
13726,5
13731,16
13733,16
13737,10
13738,14
13739,1
13743,13
13744,7
13747,15
13748,13
13751,17
13752,4
13754,13
13755,13
13762,6
13768,11
13769,4
13771,16
13781,3
13782,8
13784,18
13792,11
13794,18
13800,1
13803,9
13808,15
13809,20
13811,19
13814,5
13816,20
13817,5
13824,11
13825,8
13827,6
13829,18
13836,20
13837,2
13840,15
13845,11
13849,7
13851,2
13852,7
13858,10
13865,18
13866,13
13867,17
13874,20
13882,3
13883,6
13888,9
13891,9
13894,15
13896,13
13898,13
13905,1
13906,9
13909,11
13910,1
13912,20
13913,18
13917,18
13920,5
13921,9
13922,20
13923,13
13928,6
13931,11
13933,3
13934,3
13939,2
13941,17
13943,12
13946,6
13951,18
13954,10
13956,16
13960,5
13961,19
13963,6
13967,19
13969,15
13970,5
13971,17
13973,5
13974,2
13975,17
13976,11
13983,9
13984,8
13985,7
13988,3
13989,5
13991,16
13992,12
13998,8
14004,12
14008,9
14009,2
14010,3
14012,3
14014,10
14018,16
14024,10
14028,16
14029,12
14035,13
14049,9
14050,16
14053,15
14054,2
14055,13
14057,15
14061,2
14063,9
14066,11
14067,15
14071,9
14076,4
14077,17
14081,5
14083,17
14084,17
14086,2
14098,3
14101,13
14102,18
14105,13
14107,10
14111,2
14112,20
14113,16
14114,11
14121,9
14125,7
14131,5
14133,7
14139,20
14140,12
14144,11
14146,12
14147,5
14150,3
14152,15
14154,20
14155,6
14158,11
14160,17
14162,13
14163,11
14166,9
14167,11
14171,10
14172,11
14173,11
14184,4
14185,10
14187,13
14188,8
14190,7
14193,11
14195,19
14196,7
14197,3
14200,16
14206,7
14207,3
14208,7
14209,10
14210,10
14214,9
14215,12
14220,15
14222,4
14224,5
14226,2
14229,1
14230,18
14232,7
14233,20
14234,14
14236,7
14241,5
14244,17
14245,17
14246,7
14247,9
14250,1
14251,20
14255,4
14261,7
14262,20
14263,6
14264,18
14269,15
14271,5
14278,12
14279,2
14282,9
14283,17
14284,17
14285,3
14292,12
14294,14
14295,1
14298,7
14299,16
14300,9
14303,9
14304,13
14305,10
14308,16
14311,10
14312,13
14315,9
14318,19
14321,7
14327,2
14330,13
14332,3
14337,5
14340,17
14341,8
14342,11
14345,9
14350,4
14351,12
14352,11
14354,9
14355,4
14357,20
14359,7
14361,10
14363,18
14369,2
14370,17
14373,7
14376,12
14377,4
14378,6
14379,9
14381,19
14385,18
14388,14
14389,7
14390,11
14391,2
14396,10
14399,11
14400,13
14401,18
14404,4
14408,4
14410,6
14425,18
14426,18
14430,20
14431,13
14436,18
14443,1
14445,11
14447,20
14450,17
14452,3
14454,14
14457,9
14458,13
14459,6
14462,9
14463,8
14468,5
14469,14
14471,12
14472,17
14474,5
14476,13
14477,5
14480,9
14482,3
14486,12
14488,15
14489,16
14490,10
14494,9
14504,7
14511,3
14512,1
14513,8
14517,10
14529,13
14532,12
14534,9
14535,7
14536,14
14538,5
14539,18
14540,5
14543,15
14545,20
14547,10
14552,15
14553,15
14555,11
14556,4
14562,9
14563,9
14564,3
14567,2
14572,12
14574,10
14575,20
14585,12
14586,10
14594,9
14597,2
14608,6
14609,7
14615,16
14616,16
14619,18
14620,13
14625,3
14629,9
14631,12
14632,3
14633,9
14635,12
14642,4
14644,3
14646,8
14652,10
14654,20
14655,13
14658,8
14659,13
14662,5
14665,1
14667,2
14669,18
14673,11
14676,3
14677,4
14679,11
14680,11
14681,17
14682,4
14684,5
14685,9
14686,5
14687,18
14688,18
14697,3
14698,8
14699,3
14700,15
14706,12
14707,9
14708,11
14709,9
14716,2
14717,9
14718,15
14721,4
14723,7
14724,4
14728,11
14731,9
14732,17
14734,7
14738,18
14743,9
14745,17
14749,8
14750,19
14751,14
14753,4
14759,7
14760,1
14762,11
14763,4
14766,2
14768,5
14770,12
14771,17
14772,7
14777,15
14779,20
14781,9
14785,13
14786,6
14787,18
14790,1
14792,7
14795,12
14798,18
14800,13
14801,17
14803,11
14812,5
14817,2
14825,2
14828,8
14830,8
14831,3
14840,5
14842,4
14843,3
14845,18
14846,9
14847,12
14848,16
14849,5
14851,6
14852,4
14854,16
14855,10
14856,13
14857,5
14859,2
14861,7
14864,5
14865,7
14872,4
14875,1
14876,10
14878,15
14883,3
14887,10
14890,5
14891,11
14893,13
14895,3
14896,19
14899,7
14903,3
14904,13
14905,16
14907,17
14909,2
14910,8
14911,11
14912,12
14914,8
14919,8
14920,20
14921,20
14922,20
14926,1
14931,15
14933,7
14934,8
14937,18
14939,17
14949,2
14952,10
14954,19
14957,3
14958,3
14959,10
14960,6
14961,17
14971,2
14973,2
14975,9
14976,13
14979,16
14980,5
14981,17
14982,17
14984,9
14986,17
14987,7
14991,7
14993,13
14996,18
14997,4
14998,20
14999,17
15000,9
15002,18
15005,18
15013,17
15014,5
15017,3
15019,6
15020,17
15021,1
15031,10
15036,20
15039,9
15040,2
15050,4
15053,11
15056,9
15057,11
15061,16
15062,7
15063,15
15064,1
15066,15
15067,12
15068,10
15072,15
15075,8
15079,15
15081,15
15083,18
15089,6
15090,2
15091,20
15096,5
15097,18
15102,3
15105,1
15107,4
15108,1
15109,5
15111,19
15113,5
15119,4
15120,17
15121,8
15122,8
15123,7
15124,19
15126,15
15127,5
15129,8
15140,16
15142,1
15144,5
15145,10
15147,12
15149,2
15152,7
15156,8
15157,5
15158,3
15160,2
15162,12
15164,17
15169,7
15172,13
15173,7
15175,10
15181,15
15184,9
15185,4
15187,13
15189,10
15191,12
15192,11
15194,7
15195,19
15197,10
15199,10
15202,17
15207,13
15209,5
15211,15
15214,13
15217,6
15223,13
15224,11
15226,9
15227,5
15228,3
15229,5
15236,18
15243,1
15245,11
15247,13
15252,6
15254,1
15257,11
15258,5
15266,5
15269,10
15276,3
15278,16
15282,5
15285,15
15286,8
15293,13
15304,4
15307,5
15314,11
15315,19
15321,11
15324,9
15325,10
15327,20
15335,2
15345,10
15347,2
15348,15
15353,2
15354,13
15357,19
15361,4
15367,18
15368,11
15369,2
15372,12
15382,3
15383,17
15387,15
15390,18
15393,3
15394,2
15396,17
15397,1
15398,8
15400,17
15403,18
15408,11
15413,5
15418,16
15419,13
15420,14
15421,2
15433,11
15434,17
15435,12
15443,18
15444,15
15446,4
15447,1
15449,3
15450,20
15451,7
15455,9
15456,8
15461,2
15463,12
15464,10
15471,9
15473,6
15475,4
15477,11
15480,5
15481,19
15483,12
15484,2
15486,6
15489,5
15490,5
15503,2
15505,11
15506,15
15512,1
15515,9
15517,12
15518,11
15520,4
15521,12
15524,19
15525,2
15526,13
15528,9
15531,9
15534,18
15536,17
15538,1
15540,16
15545,4
15549,7
15556,1
15558,4
15559,9
15561,6
15562,5
15563,16
15570,11
15573,13
15574,9
15577,3
15578,16
15579,3
15581,6
15586,5
15589,9
15592,18
15594,18
15595,9
15596,13
15598,18
15599,2
15600,16
15607,11
15610,12
15612,17
15616,14
15617,5
15620,8
15621,13
15622,15
15627,4
15628,13
15630,5
15634,15
15635,14
15637,10
15641,17
15644,19
15647,11
15648,11
15650,6
15653,1
15654,5
15655,8
15658,11
15660,16
15664,4
15665,7
15666,3
15669,11
15670,3
15674,5
15676,6
15677,6
15678,9
15686,18
15693,2
15694,12
15705,3
15710,12
15712,15
15717,12
15719,13
15720,13
15724,18
15729,4
15731,3
15732,16
15733,4
15735,4
15738,9
15739,7
15740,3
15741,9
15743,13
15745,4
15748,17
15751,9
15752,16
15756,15
15759,6
15761,11
15764,2
15766,11
15773,11
15775,15
15776,19
15778,20
15779,11
15784,20
15790,5
15792,2
15794,2
15797,11
15799,15
15802,12
15803,12
15804,2
15805,2
15811,11
15816,4
15818,11
15820,15
15823,2
15824,5
15827,18
15829,1
15831,17
15833,20
15834,5
15836,15
15838,8
15840,2
15841,9
15844,1
15848,11
15849,18
15850,20
15853,11
15856,6
15858,1
15859,7
15862,18
15867,3
15870,9
15877,7
15883,9
15884,5
15885,1
15888,12
15889,6
15895,4
15897,13
15904,9
15905,7
15906,1
15908,7
15917,15
15920,11
15921,6
15923,12
15924,20
15929,7
15935,3
15939,10
15940,12
15943,9
15944,15
15949,10
15958,8
15962,4
15965,7
15968,16
15969,15
15970,9
15975,9
15976,4
15993,11
15995,9
15998,8
16000,16
16001,6
16003,8
16005,3
16008,12
16015,10
16017,9
16018,18
16019,16
16020,11
16023,14
16030,15
16036,9
16038,4
16039,11
16041,8
16046,10
16047,10
16050,1
16056,9
16057,6
16060,20
16064,12
16065,20
16070,10
16071,11
16072,11
16073,2
16074,5
16076,13
16079,5
16085,16
16090,1
16093,13
16097,6
16098,1
16101,14
16103,4
16107,11
16112,12
16114,10
16117,7
16119,9
16122,9
16123,9
16124,20
16125,11
16126,9
16128,15
16131,13
16139,5
16144,12
16150,18
16151,5
16152,6
16153,8
16156,7
16157,18
16160,2
16165,17
16168,5
16169,9
16171,17
16172,12
16175,9
16176,7
16181,10
16182,11
16188,10
16193,15
16198,15
16203,1
16209,1
16212,13
16215,19
16216,11
16220,5
16223,3
16224,18
16225,3
16235,2
16243,13
16246,4
16251,20
16255,1
16258,1
16260,5
16262,18
16265,16
16267,10
16271,7
16274,17
16275,7
16277,12
16278,5
16279,18
16280,5
16282,9
16284,2
16288,10
16289,16
16297,16
16298,5
16302,7
16303,1
16306,12
16307,8
16313,5
16315,2
16316,1
16320,3
16325,9
16326,11
16329,9
16335,15
16340,2
16345,7
16349,5
16352,1
16353,1
16361,7
16363,5
16364,10
16366,11
16369,12
16372,3
16376,9
16377,6
16380,15
16381,18
16383,13
16384,14
16385,14
16387,6
16391,17
16392,4
16396,1
16400,18
16405,12
16408,5
16413,8
16415,10
16416,12
16419,12
16421,13
16426,10
16434,7
16435,20
16437,5
16439,5
16449,12
16456,9
16457,4
16460,11
16461,3
16462,10
16466,5
16468,20
16473,4
16487,16
16489,4
16490,20
16494,18
16495,13
16500,13
16505,3
16506,1
16507,17
16512,16
16513,15
16515,17
16517,9
16518,11
16519,3
16521,18
16523,5
16524,7
16527,3
16530,19
16540,13
16544,7
16548,12
16551,10
16557,11
16562,1
16565,1
16570,10
16571,5
16573,17
16575,5
16577,19
16578,16
16579,6
16580,19
16587,5
16590,13
16591,14
16592,2
16593,7
16594,8
16601,11
16604,1
16605,6
16607,13
16616,17
16618,18
16621,3
16623,5
16624,6
16625,9
16626,12
16627,15
16629,13
16634,2
16635,4
16637,7
16639,10
16641,3
16644,18
16646,9
16648,2
16650,5
16653,9
16654,12
16656,11
16663,13
16664,2
16667,17
16670,8
16671,8
16681,17
16691,13
16692,9
16693,15
16709,4
16710,5
16711,2
16719,12
16720,19
16721,6
16724,13
16726,6
16728,20
16729,19
16731,8
16732,7
16742,20
16745,12
16747,13
16748,17
16749,6
16752,9
16756,7
16760,10
16761,4
16762,18
16766,17
16769,7
16770,10
16775,9
16776,17
16777,3
16778,13
16781,10
16784,17
16791,9
16792,20
16793,5
16795,5
16796,7
16799,2
16800,11
16810,17
16811,11
16817,18
16820,15
16828,3
16832,15
16833,12
16835,19
16840,3
16841,1
16844,18
16848,3
16852,4
16854,3
16858,10
16859,17
16864,6
16869,5
16870,4
16873,3
16874,1
16876,13
16878,11
16881,12
16885,18
16892,8
16895,1
16896,3
16898,17
16900,3
16907,12
16910,10
16913,4
16915,8
16916,17
16920,2
16921,2
16922,5
16926,12
16927,17
16928,15
16931,11
16933,17
16934,18
16940,15
16941,10
16944,8
16947,10
16948,11
16949,17
16952,7
16953,12
16954,9
16961,9
16964,14
16965,11
16966,4
16967,15
16970,16
16972,13
16974,15
16975,5
16976,15
16977,12
16979,4
16981,8
16985,5
16986,3
16988,19
16990,1
16992,13
17001,10
17004,5
17005,8
17008,9
17010,15
17016,10
17018,20
17020,9
17021,12
17030,11
17034,15
17041,11
17044,11
17045,11
17047,15
17048,13
17049,9
17053,10
17058,6
17059,10
17061,4
17063,15
17065,12
17068,3
17069,12
17070,9
17074,20
17079,7
17082,9
17086,13
17087,16
17093,5
17094,16
17095,11
17097,11
17099,11
17100,2
17101,18
17102,11
17104,9
17105,18
17107,19
17108,10
17110,16
17115,1
17116,14
17118,2
17120,7
17121,9
17124,12
17125,9
17130,12
17131,13
17132,3
17138,13
17139,4
17140,5
17155,15
17158,3
17160,12
17162,13
17165,18
17166,10
17169,8
17177,8
17183,11
17185,4
17186,13
17188,18
17189,6
17192,17
17193,18
17195,3
17196,19
17203,12
17206,6
17207,17
17209,5
17213,19
17215,13
17219,11
17222,3
17224,8
17227,7
17229,5
17235,12
17244,12
17245,13
17246,2
17247,20
17248,13
17250,2
17253,6
17257,12
17258,5
17259,2
17261,6
17263,7
17264,16
17265,5
17269,6
17273,10
17274,17
17281,12
17283,14
17288,15
17290,4
17298,4
17300,2
17301,20
17302,17
17304,1
17307,10
17310,3
17315,17
17320,16
17323,18
17325,12
17330,1
17333,7
17334,4
17336,15
17344,18
17345,12
17352,13
17354,16
17356,6
17357,14
17358,9
17360,4
17361,9
17366,6
17367,6
17368,16
17369,9
17370,3
17372,18
17377,8
17380,1
17384,10
17388,5
17389,20
17390,8
17392,20
17395,1
17396,10
17397,20
17401,7
17402,12
17408,19
17411,8
17419,10
17421,9
17425,7
17426,14
17432,3
17437,4
17441,14
17445,11
17448,18
17453,7
17456,1
17462,18
17466,12
17467,12
17469,10
17471,1
17479,17
17484,7
17487,6
17490,18
17491,11
17494,3
17497,19
17501,9
17506,7
17508,17
17509,4
17511,1
17516,5
17517,12
17524,20
17531,11
17532,9
17537,6
17539,11
17542,9
17547,19
17553,11
17556,7
17560,9
17564,3
17566,2
17570,7
17573,16
17574,12
17579,12
17581,9
17582,2
17584,19
17586,9
17587,13
17589,5
17593,12
17597,3
17600,1
17602,7
17604,5
17607,3
17611,9
17613,12
17614,14
17616,17
17619,17
17621,9
17628,6
17633,11
17634,2
17635,15
17646,17
17651,11
17652,15
17662,8
17664,15
17665,5
17670,16
17671,9
17675,18
17676,9
17677,17
17680,16
17686,2
17687,10
17688,3
17691,13
17693,11
17695,2
17697,11
17700,11
17706,4
17707,17
17709,16
17710,6
17715,15
17716,17
17717,14
17719,4
17720,13
17721,13
17722,4
17730,16
17732,12
17737,7
17738,4
17739,10
17743,11
17744,4
17745,3
17747,13
17748,12
17749,15
17752,15
17755,4
17757,20
17759,8
17763,13
17769,12
17771,3
17772,3
17775,8
17779,12
17781,11
17783,4
17790,13
17791,5
17792,18
17796,9
17799,11
17801,2
17803,5
17804,19
17808,2
17813,5
17815,17
17816,6
17819,9
17820,3
17821,8
17823,4
17824,16
17828,17
17830,5
17833,11
17839,2
17843,8
17848,10
17849,6
17850,19
17852,6
17853,13
17862,20
17863,9
17865,16
17871,1
17873,10
17874,13
17875,7
17877,4
17882,18
17885,1
17891,11
17893,7
17896,9
17899,3
17901,11
17903,13
17909,7
17910,16
17915,15
17917,8
17919,17
17924,20
17925,7
17928,17
17931,17
17935,13
17940,13
17941,11
17942,20
17947,11
17948,16
17949,6
17950,10
17953,11
17969,16
17978,18
17979,2
17980,18
17982,7
17984,2
17985,11
17989,8
17992,12
17994,2
17995,10
17998,11
18003,11
18004,17
18006,12
18011,7
18012,11
18013,11
18014,5
18017,19
18019,9
18021,15
18023,6
18025,20
18027,2
18029,14
18030,16
18032,3
18037,8
18038,9
18039,13
18041,13
18042,9
18043,7
18047,8
18049,17
18051,18
18052,2
18058,12
18059,14
18060,12
18064,9
18068,11
18069,10
18073,16
18074,2
18078,12
18081,18
18082,16
18085,17
18094,7
18098,7
18099,7
18102,18
18103,1
18107,2
18112,6
18115,12
18117,20
18123,6
18125,4
18126,17
18130,18
18132,14
18137,13
18139,12
18140,7
18142,17
18146,12
18148,5
18151,15
18156,9
18160,1
18161,11
18162,4
18163,5
18164,12
18167,11
18168,4
18171,12
18176,3
18179,4
18180,14
18182,1
18184,8
18185,2
18190,2
18191,2
18195,16
18196,12
18204,4
18205,3
18207,1
18211,15
18213,13
18215,10
18216,15
18220,9
18224,2
18229,1
18231,15
18232,8
18236,4
18239,20
18249,2
18250,7
18255,10
18258,5
18259,11
18271,17
18272,18
18278,7
18282,13
18284,18
18285,4
18288,2
18290,1
18292,2
18295,5
18296,4
18297,11
18300,17
18305,13
18306,15
18307,12
18308,10
18309,5
18319,7
18322,7
18329,9
18330,7
18331,10
18334,2
18336,12
18339,4
18344,17
18345,19
18346,6
18347,12
18353,18
18358,2
18359,2
18364,5
18369,15
18370,4
18373,11
18374,9
18375,18
18379,11
18382,13
18386,15
18388,11
18392,12
18397,2
18398,8
18399,1
18404,12
18409,10
18413,9
18414,9
18420,7
18424,5
18426,9
18428,12
18431,11
18436,9
18437,15
18439,6
18440,9
18441,11
18442,9
18448,7
18454,18
18455,11
18457,19
18458,1
18459,3
18462,3
18466,16
18472,11
18473,16
18474,1
18475,11
18478,7
18479,16
18480,16
18481,16
18489,9
18492,16
18493,8
18494,16
18500,3
18510,3
18516,20
18520,14
18522,20
18532,19
18533,1
18535,17
18536,10
18540,1
18542,3
18543,14
18545,15
18546,9
18549,9
18550,10
18551,2
18554,10
18557,8
18558,19
18565,12
18579,11
18581,5
18582,19
18591,10
18594,10
18595,18
18601,19
18603,12
18619,14
18620,19
18621,15
18626,15
18632,11
18635,9
18638,13
18639,12
18640,10
18642,18
18643,18
18646,14
18647,16
18653,10
18657,6
18659,4
18662,3
18663,6
18665,16
18669,7
18672,9
18674,8
18675,16
18677,6
18680,3
18690,19
18697,9
18698,3
18699,5
18700,15
18702,10
18706,13
18711,6
18712,11
18714,17
18716,9
18718,6
18721,16
18723,16
18726,7
18727,6
18728,10
18730,14
18735,7
18742,5
18748,18
18755,1
18758,12
18761,9
18768,1
18773,8
18776,5
18777,7
18784,17
18785,5
18789,15
18791,18
18793,2
18794,11
18797,19
18799,10
18800,9
18803,9
18804,5
18807,2
18811,13
18816,16
18817,12
18818,14
18819,10
18820,10
18822,17
18824,16
18826,18
18827,1
18828,10
18831,9
18833,20
18835,15
18837,15
18841,4
18843,14
18846,4
18850,3
18851,10
18852,1
18856,6
18859,18
18860,7
18861,5
18862,19
18876,10
18881,3
18882,2
18885,16
18886,12
18887,5
18888,15
18889,14
18890,13
18891,16
18892,3
18897,7
18901,4
18903,2
18904,2
18907,6
18911,7
18914,5
18918,10
18921,18
18925,16
18928,9
18929,7
18933,20
18945,1
18947,7
18948,12
18954,16
18957,12
18959,17
18960,15
18962,11
18964,18
18968,3
18971,3
18976,20
18979,16
18980,18
18983,16
18986,20
18991,9
18993,8
18994,13
18997,18
18999,12
19000,18
19001,13
19002,10
19012,13
19013,6
19016,3
19017,3
19020,11
19021,4
19023,11
19027,19
19028,6
19035,19
19036,18
19039,15
19043,19
19045,7
19047,13
19050,3
19054,11
19058,5
19062,20
19064,13
19067,11
19069,19
19071,4
19074,12
19077,2
19082,11
19088,10
19091,11
19093,11
19095,5
19097,12
19105,15
19108,8
19110,9
19112,20
19113,1
19114,3
19121,1
19122,7
19124,1
19125,8
19126,10
19130,6
19133,19
19134,16
19136,10
19138,11
19139,11
19142,1
19149,7
19153,16
19158,15
19161,17
19165,2
19168,5
19173,15
19174,5
19178,9
19179,2
19180,13
19181,2
19182,2
19184,19
19187,2
19189,7
19190,5
19196,10
19202,5
19205,1
19207,5
19208,10
19209,19
19218,9
19221,10
19223,3
19224,17
19225,4
19226,16
19230,15
19231,20
19232,3
19233,3
19238,2
19242,11
19246,9
19247,12
19248,9
19250,17
19251,5
19261,17
19262,9
19266,15
19276,14
19279,18
19280,13
19292,5
19295,18
19296,11
19299,13
19303,5
19305,19
19309,9
19310,18
19314,17
19315,12
19320,16
19322,6
19329,10
19338,3
19347,2
19348,9
19350,2
19356,20
19361,13
19362,17
19367,2
19373,7
19376,7
19382,17
19386,2
19388,6
19393,15
19394,18
19397,13
19398,9
19400,10
19407,18
19408,18
19412,5
19417,18
19419,5
19420,7
19421,3
19428,2
19429,20
19430,1
19437,19
19443,16
19448,5
19451,7
19454,15
19458,4
19461,13
19467,17
19468,17
19469,8
19470,12
19475,13
19478,7
19479,11
19480,11
19481,2
19485,19
19486,13
19487,10
19497,18
19499,11
19500,17
19501,12
19502,12
19503,17
19504,13
19505,5
19506,15
19509,9
19511,7
19512,10
19513,10
19518,13
19520,16
19523,8
19525,10
19529,8
19531,5
19532,17
19533,4
19535,4
19539,13
19540,5
19545,18
19546,5
19551,2
19554,9
19556,2
19557,18
19559,4
19563,19
19567,2
19568,3
19569,2
19573,6
19576,8
19581,19
19584,3
19585,5
19587,10
19588,13
19600,3
19601,3
19603,2
19605,13
19607,17
19608,20
19609,4
19612,5
19618,16
19619,4
19621,9
19622,13
19623,16
19624,5
19625,1
19628,2
19631,2
19632,1
19633,8
19634,5
19637,10
19638,19
19645,16
19646,11
19648,11
19651,11
19653,9
19655,6
19663,16
19669,13
19672,20
19673,8
19674,16
19681,12
19682,10
19683,15
19684,11
19686,10
19688,10
19689,6
19690,9
19691,15
19693,17
19694,3
19696,8
19698,12
19700,6
19702,1
19703,16
19706,2
19709,11
19710,8
19712,6
19715,4
19717,10
19723,17
19729,18
19732,9
19733,17
19737,10
19739,6
19740,14
19742,1
19744,8
19746,18
19752,5
19756,5
19759,17
19760,12
19762,9
19763,17
19765,10
19766,16
19767,15
19768,6
19774,4
19779,20
19783,10
19785,18
19787,8
19789,2
19790,1
19794,7
19801,4
19802,17
19805,9
19806,9
19808,17
19812,7
19820,9
19834,16
19836,3
19837,19
19838,17
19839,17
19841,20
19847,10
19850,11
19853,18
19854,15
19858,19
19860,7
19864,12
19865,5
19867,6
19870,2
19875,1
19878,16
19884,4
19886,18
19888,18
19889,10
19891,4
19895,18
19897,9
19899,2
19900,12
19902,13
19909,1
19918,18
19920,11
19921,6
19925,10
19936,11
19939,16
19941,13
19942,18
19948,7
19950,16
19958,19
19959,18
19960,3
19961,13
19965,14
19971,13
19972,11
19973,3
19974,2
19980,20
19981,11
19982,2
19990,5
19991,20
19992,4
19996,5
19997,4
19998,8
19999,20
20001,4
20003,8
20006,13
20014,6
20015,10
20017,10
20018,12
20019,13
20022,10
20025,10
20031,12
20032,12
20036,2
20037,13
20045,3
20046,18
20049,17
20054,3
20055,20
20060,12
20063,2
20064,5
20068,10
20070,13
20079,8
20081,6
20082,2
20083,18
20085,5
20087,5
20093,1
20095,15
20099,1
20105,4
20107,7
20108,2
20109,9
20110,11
20111,3
20113,4
20114,20
20115,19
20118,10
20119,4
20120,8
20122,10
20125,11
20127,16
20128,16
20132,5
20133,18
20134,13
20136,3
20139,1
20140,13
20144,10
20145,9
20149,10
20152,13
20153,2
20154,15
20155,2
20158,3
20161,12
20162,7
20168,4
20174,17
20183,19
20185,10
20189,8
20190,7
20191,3
20195,7
20196,7
20198,8
20202,17
20206,18
20207,3
20213,5
20214,13
20216,10
20218,20
20226,9
20228,6
20233,7
20234,11
20240,13
20242,11
20246,9
20248,6
20249,11
20250,13
20252,5
20253,16
20254,15
20259,7
20261,17
20264,15
20265,13
20268,4
20269,20
20270,14
20272,15
20274,14
20276,4
20285,9
20286,9
20290,16
20292,2
20293,6
20294,2
20296,13
20297,11
20304,12
20309,7
20310,15
20316,14
20319,1
20320,7
20323,11
20324,12
20329,2
20331,12
20332,12
20333,1
20334,9
20340,12
20341,12
20342,3
20344,16
20345,11
20346,17
20348,2
20353,11
20355,1
20360,14
20361,4
20362,20
20366,19
20368,19
20372,14
20376,9
20389,9
20396,10
20399,16
20402,7
20409,18
20411,10
20417,18
20421,12
20423,3
20426,14
20427,18
20428,10
20438,16
20443,12
20444,2
20445,11
20446,2
20447,5
20448,18
20449,19
20450,3
20451,7
20452,14
20454,8
20459,17
20461,6
20463,2
20464,10
20465,9
20466,4
20470,18
20472,20
20476,10
20478,5
20481,4
20486,7
20491,17
20496,18
20499,11
20509,1
20510,5
20514,1
20516,6
20518,18
20519,11
20520,18
20522,19
20523,2
20524,13
20528,18
20531,5
20533,11
20545,1
20548,17
20550,13
20551,10
20554,2
20556,5
20561,9
20567,9
20570,10
20575,18
20577,1
20579,2
20585,18
20587,11
20589,19
20590,2
20594,5
20595,6
20596,7
20601,4
20602,6
20603,3
20606,19
20608,12
20609,18
20614,14
20615,10
20616,12
20617,18
20618,12
20620,6
20621,4
20623,12
20624,1
20627,20
20628,17
20629,10
20630,3
20633,9
20634,14
20637,14
20640,1
20641,7
20643,20
20645,6
20646,11
20653,11
20654,7
20655,8
20656,5
20657,8
20662,18
20665,7
20667,2
20669,12
20670,2
20672,18
20673,17
20678,17
20687,7
20688,18
20691,20
20693,2
20699,14
20701,17
20705,6
20706,5
20707,16
20708,2
20709,2
20711,2
20714,9
20715,16
20720,20
20722,12
20723,13
20725,1
20731,10
20739,5
20741,2
20742,14
20751,3
20762,17
20763,4
20765,16
20767,16
20771,10
20778,16
20783,9
20784,16
20787,5
20789,9
20792,1
20797,6
20801,16
20802,8
20803,20
20810,17
20812,3
20816,6
20822,11
20826,1
20827,13
20829,20
20831,17
20841,9
20845,17
20848,2
20853,4
20855,6
20857,11
20861,17
20862,9
20864,20
20865,12
20866,7
20868,6
20870,16
20872,18
20873,12
20878,11
20880,4
20886,5
20887,11
20888,9
20889,1
20891,12
20893,3
20898,6
20899,3
20901,13
20906,11
20907,7
20908,9
20911,11
20914,14
20915,1
20916,3
20919,4
20922,18
20924,17
20928,11
20934,10
20943,11
20946,1
20950,10
20951,12
20952,10
20953,9
20954,18
20966,5
20968,17
20972,17
20973,12
20975,12
20981,7
20983,17
20985,3
20988,6
20989,15
20990,18
20991,6
20992,12
20993,12
20996,14
20997,3
20998,9
20999,10
21000,7
21002,3
21010,9
21013,12
21017,7
21018,18
21019,15
21023,7
21035,9
21038,17
21047,11
21055,17
21061,12
21063,13
21068,11
21073,18
21078,9
21079,2
21080,13
21081,13
21096,12
21097,18
21098,18
21103,1
21104,18
21106,9
21109,13
21111,17
21114,10
21120,5
21122,2
21123,17
21125,10
21126,12
21127,12
21128,16
21130,7
21132,9
21133,3
21134,18
21137,4
21138,12
21139,17
21140,8
21145,3
21147,3
21148,14
21151,10
21153,10
21154,12
21156,20
21163,12
21165,8
21166,2
21168,18
21178,10
21180,12
21188,13
21189,18
21190,9
21191,20
21192,20
21193,9
21196,12
21202,6
21203,18
21204,9
21209,1
21210,12
21211,7
21212,7
21213,8
21214,10
21215,13
21221,18
21222,7
21223,13
21224,16
21226,11
21232,10
21234,7
21236,9
21238,9
21241,10
21252,18
21255,10
21257,18
21259,19
21263,12
21264,3
21265,1
21267,7
21268,19
21269,18
21273,1
21279,13
21288,19
21297,15
21300,10
21302,7
21304,11
21308,18
21312,2
21314,15
21315,5
21317,17
21319,10
21321,18
21323,12
21329,11
21331,12
21333,9
21336,9
21338,4
21340,5
21342,6
21345,11
21346,10
21347,10
21354,12
21361,3
21362,5
21365,5
21366,18
21368,5
21369,12
21371,9
21377,19
21379,5
21384,2
21385,15
21386,20
21393,4
21397,7
21398,16
21404,5
21405,8
21409,8
21410,8
21413,7
21422,6
21424,15
21426,5
21427,18
21428,6
21429,6
21430,13
21432,9
21439,15
21441,11
21447,14
21449,4
21451,7
21453,6
21454,6
21457,13
21459,3
21465,5
21470,12
21472,6
21474,10
21477,7
21484,9
21487,14
21489,3
21491,1
21496,7
21502,12
21505,20
21509,5
21514,18
21515,14
21521,14
21522,6
21524,19
21525,2
21530,5
21533,2
21538,18
21542,1
21546,18
21547,6
21548,17
21552,18
21554,20
21564,12
21565,8
21569,9
21571,5
21577,18
21583,15
21585,9
21591,8
21592,6
21593,13
21594,12
21595,6
21602,7
21603,4
21605,5
21606,11
21607,5
21610,9
21614,13
21620,7
21621,20
21623,13
21625,8
21626,10
21627,3
21630,6
21634,18
21636,5
21637,5
21639,5
21641,5
21642,2
21644,3
21646,11
21661,7
21665,20
21666,4
21668,3
21675,8
21678,18
21679,20
21682,11
21687,18
21688,9
21691,2
21695,3
21696,9
21697,9
21698,11
21700,5
21707,10
21717,5
21718,7
21720,16
21721,7
21722,20
21723,16
21724,11
21727,2
21730,7
21735,1
21736,18
21737,3
21738,11
21742,7
21744,19
21747,1
21749,15
21753,9
21754,5
21755,9
21756,4
21757,9
21759,4
21760,6
21764,18
21765,3
21766,9
21767,11
21769,7
21771,19
21774,4
21775,8
21777,17
21778,7
21780,9
21781,12
21784,7
21791,15
21793,12
21796,5
21801,11
21803,3
21806,12
21809,10
21811,17
21813,7
21815,17
21816,2
21817,9
21819,2
21822,15
21824,20
21826,7
21827,12
21830,9
21833,14
21834,4
21835,12
21836,8
21840,1
21843,16
21845,4
21847,3
21850,15
21851,5
21852,15
21854,17
21855,12
21857,1
21858,7
21859,11
21864,7
21869,11
21873,16
21874,17
21875,4
21876,11
21881,18
21883,16
21884,2
21887,20
21891,18
21897,5
21901,20
21906,2
21911,12
21912,17
21913,12
21916,20
21922,17
21925,13
21928,11
21931,20
21938,4
21939,3
21941,14
21942,10
21945,18
21948,9
21954,8
21959,4
21961,16
21964,13
21969,5
21979,5
21981,10
21983,9
21984,16
21985,17
21986,13
21989,18
21990,3
21993,3
21994,7
21998,9
21999,12
22000,4
22002,15
22005,17
22006,15
22010,10
22011,14
22012,11
22015,7
22018,12
22026,11
22033,15
22036,5
22037,1
22040,12
22041,12
22043,5
22045,1
22047,1
22048,12
22049,11
22050,19
22051,7
22055,6
22057,12
22061,9
22062,5
22067,13
22068,16
22069,2
22072,13
22076,16
22077,7
22079,11
22080,7
22082,4
22083,4
22086,7
22089,5
22090,3
22098,15
22100,13
22102,12
22103,6
22107,10
22108,2
22111,15
22114,12
22117,9
22118,13
22119,4
22120,6
22122,2
22125,2
22128,19
22131,20
22132,18
22135,9
22138,11
22139,9
22142,17
22144,1
22147,7
22149,4
22151,3
22153,3
22160,4
22161,2
22166,10
22167,6
22169,16
22175,9
22178,12
22180,1
22181,7
22182,16
22186,18
22188,6
22189,5
22190,12
22195,10
22196,13
22201,9
22205,11
22207,2
22209,2
22213,7
22215,1
22217,3
22218,7
22223,14
22224,11
22225,12
22228,4
22229,9
22233,1
22234,8
22235,13
22239,11
22246,10
22247,11
22255,5
22256,14
22260,11
22261,4
22262,6
22270,9
22271,11
22276,6
22277,20
22278,3
22280,13
22282,5
22285,16
22287,5
22289,10
22299,11
22310,17
22311,5
22315,20
22317,1
22318,8
22323,13
22327,16
22328,9
22330,14
22337,12
22341,1
22348,11
22350,17
22351,2
22353,3
22354,7
22355,20
22356,13
22357,9
22358,5
22359,9
22367,17
22372,5
22374,18
22377,16
22380,11
22382,9
22384,7
22385,2
22387,5
22388,5
22395,6
22398,9
22400,17
22401,8
22403,11
22405,13
22408,9
22418,11
22422,18
22424,20
22427,5
22430,5
22431,12
22433,17
22434,6
22435,3
22446,7
22450,9
22451,12
22452,4
22453,9
22458,7
22461,19
22463,9
22465,12
22467,10
22468,14
22469,6
22470,15
22478,5
22479,17
22481,5
22486,12
22492,12
22495,11
22496,10
22499,5
22500,12
22501,2
22502,8
22505,4
22509,2
22510,10
22522,1
22524,7
22528,3
22530,9
22534,12
22536,11
22537,12
22538,18
22546,4
22547,11
22548,14
22552,7
22554,11
22556,15
22557,9
22559,9
22560,3
22562,10
22566,13
22567,5
22568,3
22569,13
22570,14
22578,5
22579,2
22581,6
22584,17
22585,12
22588,8
22591,3
22592,1
22594,14
22597,3
22598,2
22603,12
22605,6
22607,20
22608,2
22613,15
22618,10
22619,1
22624,10
22625,1
22629,17
22631,10
22633,16
22635,15
22638,7
22640,4
22641,5
22642,4
22643,15
22648,13
22652,20
22659,18
22660,4
22662,9
22665,20
22666,5
22667,1
22669,18
22672,10
22673,1
22675,10
22681,18
22685,1
22688,10
22690,19
22693,16
22696,18
22698,9
22701,9
22707,10
22709,16
22713,5
22717,11
22719,12
22721,20
22723,2
22728,14
22729,11
22732,6
22734,9
22741,12
22742,17
22744,15
22746,8
22750,18
22751,11
22752,11
22754,13
22760,1
22761,7
22764,3
22765,2
22766,6
22767,3
22768,5
22769,8
22775,9
22777,16
22779,13
22780,2
22782,3
22785,19
22786,19
22788,7
22790,1
22793,17
22795,6
22800,5
22803,2
22805,18
22810,4
22812,4
22815,13
22816,16
22818,15
22821,2
22822,7
22824,17
22826,13
22830,7
22833,2
22837,8
22839,16
22840,6
22841,11
22842,10
22847,11
22848,18
22853,6
22858,11
22863,3
22864,9
22868,14
22871,15
22872,5
22873,19
22874,12
22882,17
22883,17
22889,12
22890,12
22894,3
22898,2
22902,6
22903,14
22908,7
22912,3
22914,10
22916,9
22918,5
22919,4
22921,8
22922,11
22923,3
22925,6
22926,9
22930,13
22931,19
22933,2
22939,19
22941,9
22942,12
22943,16
22945,6
22948,9
22950,9
22958,16
22959,20
22962,10
22965,18
22966,11
22969,12
22971,17
22972,9
22975,10
22976,11
22977,17
22979,18
22981,5
22982,11
22983,17
22985,19
22986,6
22987,5
22988,16
22992,1
22993,11
22995,14
22997,1
23000,2
23008,19
23012,10
23015,7
23025,5
23026,3
23031,13
23032,9
23034,4
23036,20
23037,5
23038,6
23045,11
23049,2
23053,19
23059,6
23060,2
23062,7
23063,11
23065,3
23066,4
23068,5
23070,18
23072,12
23074,7
23075,17
23076,3
23077,11
23086,14
23087,4
23088,1
23090,7
23091,9
23092,5
23095,13
23096,13
23098,11
23101,4
23102,10
23106,12
23111,10
23112,13
23114,9
23124,7
23126,7
23127,5
23131,17
23133,1
23134,7
23135,11
23136,12
23138,18
23139,18
23142,18
23143,16
23152,12
23153,5
23156,15
23158,12
23159,10
23163,20
23167,16
23168,19
23169,14
23171,11
23174,1
23175,10
23177,12
23178,6
23187,4
23189,3
23194,1
23195,11
23196,10
23198,18
23199,2
23204,3
23209,18
23211,14
23216,7
23217,20
23218,10
23219,1
23220,7
23222,18
23225,20
23228,5
23231,6
23234,5
23235,8
23239,11
23244,13
23246,11
23247,2
23255,8
23256,18
23261,7
23265,6
23266,9
23276,4
23279,2
23282,1
23285,5
23286,15
23292,7
23294,9
23297,13
23300,4
23302,10
23304,2
23306,13
23307,11
23312,18
23315,7
23317,1
23319,8
23322,12
23323,11
23329,1
23331,2
23333,5
23336,11
23337,6
23339,18
23342,15
23344,12
23347,2
23349,5
23350,18
23354,9
23362,1
23363,1
23364,15
23367,1
23372,12
23375,18
23382,16
23389,11
23393,6
23396,1
23399,3
23401,6
23403,19
23406,5
23409,5
23414,15
23415,2
23416,11
23418,16
23422,7
23424,3
23426,5
23429,16
23436,5
23437,7
23442,15
23443,20
23444,10
23446,5
23448,11
23451,2
23456,7
23462,10
23465,18
23468,7
23470,17
23476,20
23477,7
23481,5
23484,16
23492,17
23497,15
23508,6
23512,15
23514,10
23515,10
23516,10
23524,12
23526,16
23528,13
23530,9
23533,11
23535,12
23545,7
23546,13
23553,19
23554,1
23555,11
23560,15
23563,1
23565,7
23569,8
23570,14
23572,5
23584,7
23585,11
23588,11
23591,20
23594,2
23600,1
23607,1
23613,14
23617,5
23621,13
23622,9
23623,11
23626,4
23627,20
23628,18
23629,6
23630,10
23631,4
23636,20
23637,19
23640,1
23642,10
23646,2
23648,14
23649,11
23650,17
23652,16
23653,18
23655,9
23657,9
23663,8
23665,16
23669,12
23673,1
23674,9
23678,3
23679,4
23680,11
23685,18
23687,11
23696,9
23697,18
23699,11
23700,9
23702,15
23703,6
23704,9
23706,10
23707,9
23708,4
23709,20
23710,7
23711,14
23713,20
23717,4
23718,19
23721,2
23726,10
23731,7
23739,11
23744,19
23745,12
23746,3
23748,8
23750,12
23752,9
23753,7
23759,3
23762,20
23765,13
23767,13
23771,11
23773,13
23774,2
23776,15
23779,3
23782,9
23783,14
23789,1
23792,4
23797,8
23809,14
23810,10
23813,17
23823,6
23825,10
23826,19
23829,20
23830,10
23831,20
23834,4
23837,5
23839,12
23840,19
23841,7
23843,11
23844,15
23846,3
23847,9
23848,10
23849,7
23851,13
23858,11
23859,11
23860,3
23864,6
23865,13
23870,10
23871,19
23875,9
23876,2
23888,18
23890,3
23891,19
23892,17
23893,5
23895,9
23898,1
23899,18
23901,20
23903,15
23906,9
23907,8
23908,8
23909,13
23911,15
23913,17
23915,14
23916,9
23917,4
23920,7
23922,11
23923,11
23924,3
23934,5
23935,5
23937,9
23938,9
23939,20
23940,7
23941,7
23944,8
23946,1
23949,17
23952,10
23954,1
23955,13
23956,12
23957,9
23960,2
23961,2
23962,5
23964,9
23966,7
23969,11
23971,19
23973,11
23976,10
23979,2
23983,16
23984,17
23986,3
23991,12
23992,10
23998,5
24000,1
